<?xml version="1.0" encoding="UTF-8"?>
<GenRun Id="impl_1" LaunchPart="xc7z010clg400-1" LaunchTime="1748006126">
  <File Type="ROUTE-RQS-RPT" Name="route_report_qor_suggestions_0.rpt"/>
  <File Type="POSTROUTE-PHYSOPT-RQS" Name="ip_3_wrapper_postroute_physopted.rqs"/>
  <File Type="ROUTE-RQS" Name="ip_3_wrapper_routed.rqs"/>
  <File Type="RBD_FILE" Name="ip_3_wrapper.rbd"/>
  <File Type="NPI_FILE" Name="ip_3_wrapper.npi"/>
  <File Type="RNPI_FILE" Name="ip_3_wrapper.rnpi"/>
  <File Type="CFI_FILE" Name="ip_3_wrapper.cfi"/>
  <File Type="RCFI_FILE" Name="ip_3_wrapper.rcfi"/>
  <File Type="PL-PDI-FILE" Name="ip_3_wrapper_pld.pdi"/>
  <File Type="BOOT-PDI-FILE" Name="ip_3_wrapper_boot.pdi"/>
  <File Type="ROUTE-METHODOLOGY-DRC-RPX" Name="ip_3_wrapper_methodology_drc_routed.rpx"/>
  <File Type="ROUTE-DRC-RPX" Name="ip_3_wrapper_drc_routed.rpx"/>
  <File Type="ROUTE-METHODOLOGY-DRC-PB" Name="ip_3_wrapper_methodology_drc_routed.pb"/>
  <File Type="ROUTE-METHODOLOGY-DRC" Name="ip_3_wrapper_methodology_drc_routed.rpt"/>
  <File Type="POSTROUTE-PHYSOPT-BUS-SKEW-RPX" Name="ip_3_wrapper_bus_skew_postroute_physopted.rpx"/>
  <File Type="POSTROUTE-PHYSOPT-BUS-SKEW-PB" Name="ip_3_wrapper_bus_skew_postroute_physopted.pb"/>
  <File Type="POSTROUTE-PHYSOPT-BUS-SKEW" Name="ip_3_wrapper_bus_skew_postroute_physopted.rpt"/>
  <File Type="POSTROUTE-PHYSOPT-TIMING-RPX" Name="ip_3_wrapper_timing_summary_postroute_physopted.rpx"/>
  <File Type="POSTROUTE-PHYSOPT-TIMING-PB" Name="ip_3_wrapper_timing_summary_postroute_physopted.pb"/>
  <File Type="POSTROUTE-PHYSOPT-TIMING" Name="ip_3_wrapper_timing_summary_postroute_physopted.rpt"/>
  <File Type="POSTROUTE-PHYSOPT-BLACKBOX-DCP" Name="ip_3_wrapper_postroute_physopt_bb.dcp"/>
  <File Type="PLACE-IO" Name="ip_3_wrapper_io_placed.rpt"/>
  <File Type="OPT-DRC" Name="ip_3_wrapper_drc_opted.rpt"/>
  <File Type="BITSTR-LTX" Name="debug_nets.ltx"/>
  <File Type="BITSTR-LTX" Name="ip_3_wrapper.ltx"/>
  <File Type="BITSTR-SYSDEF" Name="ip_3_wrapper.sysdef"/>
  <File Type="POSTROUTE-PHYSOPT-DCP" Name="ip_3_wrapper_postroute_physopt.dcp"/>
  <File Type="BITSTR-MMI" Name="ip_3_wrapper.mmi"/>
  <File Type="BITSTR-BMM" Name="ip_3_wrapper_bd.bmm"/>
  <File Type="PHYSOPT-DCP" Name="ip_3_wrapper_physopt.dcp"/>
  <File Type="PLACE-UTIL-PB" Name="ip_3_wrapper_utilization_placed.pb"/>
  <File Type="BG-BGN" Name="ip_3_wrapper.bgn"/>
  <File Type="OPT-DCP" Name="ip_3_wrapper_opt.dcp"/>
  <File Type="OPT-HWDEF" Name="ip_3_wrapper.hwdef"/>
  <File Type="POSTROUTE-PHYSOPT-RQS-RPT" Name="postroute_physopt_report_qor_suggestions_0.rpt"/>
  <File Type="BG-BIT" Name="ip_3_wrapper.bit"/>
  <File Type="ROUTE-BUS-SKEW" Name="ip_3_wrapper_bus_skew_routed.rpt"/>
  <File Type="WBT-USG" Name="usage_statistics_webtalk.html"/>
  <File Type="PA-TCL" Name="ip_3_wrapper.tcl"/>
  <File Type="REPORTS-TCL" Name="ip_3_wrapper_reports.tcl"/>
  <File Type="PLACE-UTIL" Name="ip_3_wrapper_utilization_placed.rpt"/>
  <File Type="BG-DRC" Name="ip_3_wrapper.drc"/>
  <File Type="PLACE-CTRL" Name="ip_3_wrapper_control_sets_placed.rpt"/>
  <File Type="PDI-FILE" Name="ip_3_wrapper.pdi"/>
  <File Type="RDI-RDI" Name="ip_3_wrapper.vdi"/>
  <File Type="BG-BIN" Name="ip_3_wrapper.bin"/>
  <File Type="PLACE-DCP" Name="ip_3_wrapper_placed.dcp"/>
  <File Type="BITSTR-MSK" Name="ip_3_wrapper.msk"/>
  <File Type="PWROPT-DCP" Name="ip_3_wrapper_pwropt.dcp"/>
  <File Type="PLACE-PRE-SIMILARITY" Name="ip_3_wrapper_incremental_reuse_pre_placed.rpt"/>
  <File Type="BITSTR-RBT" Name="ip_3_wrapper.rbt"/>
  <File Type="POSTPLACE-PWROPT-DCP" Name="ip_3_wrapper_postplace_pwropt.dcp"/>
  <File Type="BITSTR-NKY" Name="ip_3_wrapper.nky"/>
  <File Type="ROUTE-DRC" Name="ip_3_wrapper_drc_routed.rpt"/>
  <File Type="ROUTE-DRC-PB" Name="ip_3_wrapper_drc_routed.pb"/>
  <File Type="ROUTE-PWR" Name="ip_3_wrapper_power_routed.rpt"/>
  <File Type="ROUTE-PWR-SUM" Name="ip_3_wrapper_power_summary_routed.pb"/>
  <File Type="ROUTE-PWR-RPX" Name="ip_3_wrapper_power_routed.rpx"/>
  <File Type="ROUTE-STATUS" Name="ip_3_wrapper_route_status.rpt"/>
  <File Type="ROUTE-STATUS-PB" Name="ip_3_wrapper_route_status.pb"/>
  <File Type="ROUTE-DCP" Name="ip_3_wrapper_routed.dcp"/>
  <File Type="ROUTE-ERROR-DCP" Name="ip_3_wrapper_routed_error.dcp"/>
  <File Type="ROUTE-BLACKBOX-DCP" Name="ip_3_wrapper_routed_bb.dcp"/>
  <File Type="ROUTE-TIMINGSUMMARY" Name="ip_3_wrapper_timing_summary_routed.rpt"/>
  <File Type="ROUTE-TIMING-PB" Name="ip_3_wrapper_timing_summary_routed.pb"/>
  <File Type="ROUTE-TIMING-RPX" Name="ip_3_wrapper_timing_summary_routed.rpx"/>
  <File Type="ROUTE-SIMILARITY" Name="ip_3_wrapper_incremental_reuse_routed.rpt"/>
  <File Type="ROUTE-CLK" Name="ip_3_wrapper_clock_utilization_routed.rpt"/>
  <File Type="ROUTE-BUS-SKEW-PB" Name="ip_3_wrapper_bus_skew_routed.pb"/>
  <File Type="ROUTE-BUS-SKEW-RPX" Name="ip_3_wrapper_bus_skew_routed.rpx"/>
  <FileSet Name="sources" Type="DesignSrcs" RelSrcDir="$PSRCDIR/sources_1" RelGenDir="$PGENDIR/sources_1">
    <Filter Type="Srcs"/>
    <File Path="$PSRCDIR/sources_1/bd/ip_3/ip_3.bd">
      <FileInfo>
        <Attr Name="UsedIn" Val="synthesis"/>
        <Attr Name="UsedIn" Val="implementation"/>
        <Attr Name="UsedIn" Val="simulation"/>
      </FileInfo>
    </File>
    <File Path="$PGENDIR/sources_1/bd/ip_3/hdl/ip_3_wrapper.vhd">
      <FileInfo>
        <Attr Name="UsedIn" Val="synthesis"/>
        <Attr Name="UsedIn" Val="simulation"/>
      </FileInfo>
    </File>
    <Config>
      <Option Name="DesignMode" Val="RTL"/>
      <Option Name="TopModule" Val="ip_3_wrapper"/>
      <Option Name="TopAutoSet" Val="TRUE"/>
    </Config>
  </FileSet>
  <FileSet Name="constrs_in" Type="Constrs" RelSrcDir="$PSRCDIR/constrs_1" RelGenDir="$PGENDIR/constrs_1">
    <Filter Type="Constrs"/>
    <Config>
      <Option Name="ConstrsType" Val="XDC"/>
    </Config>
  </FileSet>
  <FileSet Name="utils" Type="Utils" RelSrcDir="$PSRCDIR/utils_1" RelGenDir="$PGENDIR/utils_1">
    <Filter Type="Utils"/>
    <File Path="$PSRCDIR/utils_1/imports/synth_1/ip_3_wrapper.dcp">
      <FileInfo>
        <Attr Name="UsedIn" Val="synthesis"/>
        <Attr Name="UsedIn" Val="implementation"/>
        <Attr Name="UsedInSteps" Val="synth_1"/>
        <Attr Name="AutoDcp" Val="1"/>
      </FileInfo>
    </File>
    <Config>
      <Option Name="TopAutoSet" Val="TRUE"/>
    </Config>
  </FileSet>
  <Strategy Version="1" Minor="2">
    <StratHandle Name="Vivado Implementation Defaults" Flow="Vivado Implementation 2024"/>
    <Step Id="init_design"/>
    <Step Id="opt_design"/>
    <Step Id="power_opt_design"/>
    <Step Id="place_design"/>
    <Step Id="post_place_power_opt_design"/>
    <Step Id="phys_opt_design"/>
    <Step Id="route_design"/>
    <Step Id="post_route_phys_opt_design"/>
    <Step Id="write_bitstream"/>
    <Step Id="write_device_image"/>
  </Strategy>
  <BlockFileSet Type="BlockSrcs" Name="ip_3_rst_ps7_0_100M_0"/>
  <BlockFileSet Type="BlockSrcs" Name="ip_3_axil_conv2D_1_0"/>
  <BlockFileSet Type="BlockSrcs" Name="ip_3_axil_conv2D_2_0"/>
  <BlockFileSet Type="BlockSrcs" Name="ip_3_axil_conv2D_0_0"/>
  <BlockFileSet Type="BlockSrcs" Name="ip_3_processing_system7_0_0"/>
  <BlockFileSet Type="BlockSrcs" Name="ip_3_xbar_0"/>
</GenRun>
