<?xml version="1.0" encoding="UTF-8"?>
<GenRun Id="synth_1" LaunchPart="xc7z010clg400-1" LaunchTime="1748006123" LaunchIncrCheckpoint="$PSRCDIR/utils_1/imports/synth_1/ip_3_wrapper.dcp">
  <File Type="RDS-DCP" Name="ip_3_wrapper.dcp"/>
  <File Type="RDS-UTIL-PB" Name="ip_3_wrapper_utilization_synth.pb"/>
  <File Type="PA-TCL" Name="ip_3_wrapper.tcl"/>
  <File Type="RDS-UTIL" Name="ip_3_wrapper_utilization_synth.rpt"/>
  <File Type="REPORTS-TCL" Name="ip_3_wrapper_reports.tcl"/>
  <File Type="RDS-RDS" Name="ip_3_wrapper.vds"/>
  <FileSet Name="sources" Type="DesignSrcs" RelSrcDir="$PSRCDIR/sources_1" RelGenDir="$PGENDIR/sources_1">
    <Filter Type="Srcs"/>
    <File Path="$PSRCDIR/sources_1/bd/ip_3/ip_3.bd">
      <FileInfo>
        <Attr Name="UsedIn" Val="synthesis"/>
        <Attr Name="UsedIn" Val="implementation"/>
        <Attr Name="UsedIn" Val="simulation"/>
      </FileInfo>
    </File>
    <File Path="$PGENDIR/sources_1/bd/ip_3/hdl/ip_3_wrapper.vhd">
      <FileInfo>
        <Attr Name="UsedIn" Val="synthesis"/>
        <Attr Name="UsedIn" Val="simulation"/>
      </FileInfo>
    </File>
    <Config>
      <Option Name="DesignMode" Val="RTL"/>
      <Option Name="TopModule" Val="ip_3_wrapper"/>
      <Option Name="TopAutoSet" Val="TRUE"/>
    </Config>
  </FileSet>
  <FileSet Name="constrs_in" Type="Constrs" RelSrcDir="$PSRCDIR/constrs_1" RelGenDir="$PGENDIR/constrs_1">
    <Filter Type="Constrs"/>
    <Config>
      <Option Name="ConstrsType" Val="XDC"/>
    </Config>
  </FileSet>
  <FileSet Name="utils" Type="Utils" RelSrcDir="$PSRCDIR/utils_1" RelGenDir="$PGENDIR/utils_1">
    <Filter Type="Utils"/>
    <File Path="$PSRCDIR/utils_1/imports/synth_1/ip_3_wrapper.dcp">
      <FileInfo>
        <Attr Name="UsedIn" Val="synthesis"/>
        <Attr Name="UsedIn" Val="implementation"/>
        <Attr Name="UsedInSteps" Val="synth_1"/>
        <Attr Name="AutoDcp" Val="1"/>
      </FileInfo>
    </File>
    <Config>
      <Option Name="TopAutoSet" Val="TRUE"/>
    </Config>
  </FileSet>
  <Strategy Version="1" Minor="2">
    <StratHandle Name="Vivado Synthesis Defaults" Flow="Vivado Synthesis 2024"/>
    <Step Id="synth_design"/>
  </Strategy>
  <BlockFileSet Type="BlockSrcs" Name="ip_3_rst_ps7_0_100M_0"/>
  <BlockFileSet Type="BlockSrcs" Name="ip_3_axil_conv2D_1_0"/>
  <BlockFileSet Type="BlockSrcs" Name="ip_3_axil_conv2D_2_0"/>
  <BlockFileSet Type="BlockSrcs" Name="ip_3_axil_conv2D_0_0"/>
  <BlockFileSet Type="BlockSrcs" Name="ip_3_processing_system7_0_0"/>
  <BlockFileSet Type="BlockSrcs" Name="ip_3_xbar_0"/>
</GenRun>
