<?xml version="1.0" encoding="UTF-8"?>
<GenRun Id="ip_3_axil_conv2D_2_0_synth_1" LaunchPart="xc7z010clg400-1" LaunchTime="1748006120">
  <File Type="RDS-DCP" Name="ip_3_axil_conv2D_2_0.dcp"/>
  <File Type="RDS-UTIL-PB" Name="ip_3_axil_conv2D_2_0_utilization_synth.pb"/>
  <File Type="PA-TCL" Name="ip_3_axil_conv2D_2_0.tcl"/>
  <File Type="RDS-UTIL" Name="ip_3_axil_conv2D_2_0_utilization_synth.rpt"/>
  <File Type="REPORTS-TCL" Name="ip_3_axil_conv2D_2_0_reports.tcl"/>
  <File Type="RDS-RDS" Name="ip_3_axil_conv2D_2_0.vds"/>
  <FileSet Name="sources" Type="BlockSrcs" RelSrcDir="$PSRCDIR/ip_3_axil_conv2D_2_0" RelGenDir="$PGENDIR/ip_3_axil_conv2D_2_0">
    <File Path="$PSRCDIR/sources_1/bd/ip_3/ip/ip_3_axil_conv2D_2_0/ip_3_axil_conv2D_2_0.xci">
      <FileInfo>
        <Attr Name="Library" Val="xil_defaultlib"/>
        <Attr Name="UsedIn" Val="synthesis"/>
        <Attr Name="UsedIn" Val="implementation"/>
        <Attr Name="UsedIn" Val="simulation"/>
      </FileInfo>
    </File>
    <Config>
      <Option Name="TopModule" Val="ip_3_axil_conv2D_2_0"/>
      <Option Name="UseBlackboxStub" Val="1"/>
    </Config>
  </FileSet>
  <FileSet Name="constrs_in" Type="BlockSrcs" RelSrcDir="$PSRCDIR/ip_3_axil_conv2D_2_0" RelGenDir="$PGENDIR/ip_3_axil_conv2D_2_0">
    <File Path="$PSRCDIR/sources_1/bd/ip_3/ip/ip_3_axil_conv2D_2_0/ip_3_axil_conv2D_2_0.xci">
      <FileInfo>
        <Attr Name="Library" Val="xil_defaultlib"/>
        <Attr Name="UsedIn" Val="synthesis"/>
        <Attr Name="UsedIn" Val="implementation"/>
        <Attr Name="UsedIn" Val="simulation"/>
      </FileInfo>
    </File>
    <Config>
      <Option Name="TopModule" Val="ip_3_axil_conv2D_2_0"/>
      <Option Name="UseBlackboxStub" Val="1"/>
    </Config>
  </FileSet>
  <FileSet Name="utils" Type="Utils" RelSrcDir="$PSRCDIR/utils_1" RelGenDir="$PGENDIR/utils_1">
    <Filter Type="Utils"/>
    <File Path="$PSRCDIR/utils_1/imports/synth_1/ip_3_wrapper.dcp">
      <FileInfo>
        <Attr Name="UsedIn" Val="synthesis"/>
        <Attr Name="UsedIn" Val="implementation"/>
        <Attr Name="UsedInSteps" Val="synth_1"/>
        <Attr Name="AutoDcp" Val="1"/>
      </FileInfo>
    </File>
    <Config>
      <Option Name="TopAutoSet" Val="TRUE"/>
    </Config>
  </FileSet>
  <Strategy Version="1" Minor="2">
    <StratHandle Name="Vivado Synthesis Defaults" Flow="Vivado Synthesis 2024"/>
    <Step Id="synth_design"/>
  </Strategy>
</GenRun>
